å¿…é¡»ç‚¹èµï¼Œåªä¸ºäº†æœ€åä¸€å‰¯ç”»ï¼,ç‚¼ç‹±äººé—´...,https://qiubai-video-web.qiushibaike.com/SXDEPUKG7X27Y52A_hd.jpg?imageView2/1/w/150/h/112,['3'],594
ã€Šé†‰ç¿ä¹‹æ„ä¸åœ¨é…’ã€‹äºŒè´§ä¸ºäº†åƒæœ‹å‹å®¶çš„é¸¡è‡ªå¸¦é…’æ°´,ç ¸å¦³å®¶ç»...,https://qiubai-video-web.qiushibaike.com/DEJBT840SO3ADAB2_hd.jpg?imageView2/1/w/150/h/112,['28'],2080
å—¯ï¼Œå¾ˆæœ‰é“ç†å§,ç±³å¨…ä¼¦æ——...,https://pic.qiushibaike.com/system/pictures/12115/121154127/small/2K4MTXNX799T7VA0.jpg?imageView2/1/w/150/h/112,['3'],221
å‰æ®µæ—¶é—´æŠ•èµ„ç†è´¢äº§å“ï¼Œç„¶åäººå»æ¥¼ç©ºèµ”äº†ä¸ªç²¾å…‰ï¼Œæƒ³æ­»çš„å¿ƒéƒ½æœ‰äº†ã€‚å¥½å‡ å¤©æ²¡æ€ä¹ˆåƒé¥­åï¼Œåæ¥åœ¨è·¯è¾¹åƒäº†è·Ÿçƒ¤è‚ ï¼Œç‰¹åˆ«å¥½åƒï¼Œè§‰ç€è¿˜æ˜¯æ´»ç€å¥½ã€‚å°±å½“é’±æ²¡ä¸¢ä¼¼çš„æ´»ç€ã€‚,æ»šæ»šçº¢å°˜...,https://static.qiushibaike.com/images/web/v4/textDefault.png?v=12eaf94cfd4d3ae0423a3925bb5bbf9c,['32'],1179
è¿™æ˜¯å¥½å¥½è¿‡æ—¥å­,é€—å¤ªå…”,https://pic.qiushibaike.com/article/image/QF5UF67B0N9TMZAF,[],216
å„¿å­å¯¹æˆ‘è¯´é“ï¼šâ€œå¦ˆå¦ˆï¼Œæ˜¨å¤©æˆ‘æŠŠå§¥å§¥çš„çœ¼é•œç‰‡å¼„ç¢äº†ï¼Œå§¥å§¥åªæ˜¯é—®æ‰æ²¡æ‰åˆ°æˆ‘çš„æ‰‹ï¼Œä»Šå¤©æˆ‘ä¸å°å¿ƒæŠŠå§¥å§¥æœ€å¿ƒçˆ±çš„èŠ±ç“¶æ‰“ç¢äº†ï¼Œå§¥å§¥ä¹Ÿä¸€ç›´é—®æˆ‘æœ‰æ²¡æœ‰å—ä¼¤...å§¥å§¥æ€»æ˜¯å’Œè”¼å¯äº²,é»„å±±å°å¦–,https://static.qiushibaike.com/images/web/v4/textDefault.png?v=12eaf94cfd4d3ae0423a3925bb5bbf9c,['26'],1597
æˆ‘ç»ˆäºçŸ¥é“ä¸¸å­å¤´æ˜¯ç”¨æ¥å¹²å˜›çš„ï¼ï¼ï¼,æœ´å…«å¤œ,https://qiubai-video-web.qiushibaike.com/KWSAP47Z0U58K97J_hd.jpg?imageView2/1/w/150/h/112,['250'],6013
å¦‚æœåˆ«äººå äº†ä½ çš„è½¦ä½,å–µæ²«â‘©é™ˆ...,https://pic.qiushibaike.com/system/pictures/12118/121187400/small/MVBERXTX9SP338TJ.jpg?imageView2/1/w/150/h/112,['12'],519
ä¸€æœ¬æ­£ç»çš„è¯´æ—¥è¯­,æ—¥é‚¢ä¸€çŠ,https://qiubai-video-web.qiushibaike.com/Q4K1UA51LKNZLAV1_hd.jpg?imageView2/1/w/150/h/112,['9'],507
åƒå®Œé¥­å›æ¥ï¼Œå°±è¿™æ ·äº†,ä½™ç”Ÿéƒ½ä¼š...,https://pic.qiushibaike.com/system/pictures/12116/121168128/small/UESS05GSLK7PU9HJ.jpg?imageView2/1/w/150/h/112,['1'],348
æœ‹å‹ä¸€ç›´æƒ³çº¹èº«ï¼Œä¸€ç›´æ²¡æœ‰çº¹æˆï¼Œé—®ä»–ä¸ºä»€ä¹ˆï¼Œæ˜¯æ€•ç–¼å—ï¼Ÿæœ‹å‹è¯´ï¼šâ€œç–¼è¿˜å¥½è¯´ï¼Œå»é—®è¿‡çº¹èº«å¸ˆå‚…ï¼Œæ²¡æƒ³åˆ°çº¹èº«é‚£ä¹ˆè´µï¼Œæ²¡èˆå¾—â€¦â€,ç‹åœ°ç“œå¤§...,https://static.qiushibaike.com/images/web/v4/textDefault.png?v=12eaf94cfd4d3ae0423a3925bb5bbf9c,['13'],731
é‚£äº›å°´å°¬çš„å›§äº‹,åŠæ ¹è²è—•...,https://pic.qiushibaike.com/article/image/S5BG2JQGQYRAH43B,['1'],273
æ‘©çš„åšæ¢¦éƒ½æƒ³ä¸åˆ°ï¼Œå¹²æ‰ä»–æ˜¯é€å¤–å–çš„ï¼,ä¸œä¸´ï½å¤©...,https://qiubai-video-web.qiushibaike.com/5C13QBOE6ONQMDML_hd.jpg?imageView2/1/w/150/h/112,['78'],3987
ç¬‘æ­»æˆ‘äº†,å©‰~å„¿,https://pic.qiushibaike.com/system/pictures/12122/121224581/small/3FWAVXEHFOCC1KS6.jpg?imageView2/1/w/150/h/112,['1'],253
è¯´äº†ä½ ä¸ä¿¡ï¼Œæˆ‘æŠŠè‡ªå·±æ‰”å‡ºå»å¥½å‡ ç±³â€¦â€¦,ä¸œä¸´ï½å¤©...,https://qiubai-video-web.qiushibaike.com/IJ8HHFOEFA3ZXT0W_hd.jpg?imageView2/1/w/150/h/112,['4'],339
æœ‰ä¸ªå¥‡è‘©å®¤å‹çš„ä½“éªŒã€‚,åŠæ ¹è²è—•...,https://pic.qiushibaike.com/article/image/1CMJQKCCQMGPIVXE,['2'],312
åˆšåˆšç»™åä¸ªæœˆå¤§çš„å„¿å­æ¢å°¿å¸ƒï¼Œç»™ä»–æ£€æŸ¥å±å±æœ‰æ²¡æœ‰çº¢æ—¶ï¼Œä¸€æ¡ä¾¿ä¾¿çªç„¶å°±è¢«æ¨é€å‡ºæ¥ã€‚èº²éƒ½èº²ä¸åŠï¼Œæ²¡æœ‰ä¸€ç‚¹ç‚¹é˜²å¤‡,ç§‹é›¨å¾®å‡‰...,https://static.qiushibaike.com/images/web/v4/textDefault.png?v=12eaf94cfd4d3ae0423a3925bb5bbf9c,['5'],382
é‚£äº›çˆ†ç¬‘é›·äººçš„æ“ä½œï¼ï¼,çªé‡Œæ–—çª...,https://qiubai-video-web.qiushibaike.com/article/gif/KMLA939S5EYVUS6A.jpg?imageView2/1/w/150/h/112,['154'],2.0ä¸‡
ç¬¬ä¸€æ¬¡è§åˆ°ï¼Œç‘œä¼½åœˆæ˜¯è¿™æ ·ç©çš„,å‚»å¦ä¹Ÿ,https://qiubai-video-web.qiushibaike.com/article/gif/IP8Y86WV0Z43P2UN.jpg?imageView2/1/w/150/h/112,[],247
è®©ä¸–ç•Œå……æ»¡çˆ±,è°ƒçš®çš„å°...,https://pic.qiushibaike.com/system/pictures/12122/121223532/small/J5F2A9TG28LCP2LF.jpg?imageView2/1/w/150/h/112,['5'],358
é±¼ï¼šæˆ‘æ˜¯ä¸­å¤®æˆæ›²é±¼å¡˜æ¯•ä¸šçš„,Tato...,https://qiubai-video-web.qiushibaike.com/D4G0SK60KZXAHTS7_hd.jpg?imageView2/1/w/150/h/112,['11'],489
ç”Ÿæ´»åœ¨å¤ä»£å¤šå¯æ€•ï¼Ÿ,ä¸ºä½ å˜äº†,https://qiubai-video-web.qiushibaike.com/CZ1S1UGM4NKVBPTV_hd.jpg?imageView2/1/w/150/h/112,['94'],1431
ç½‘å‹æ™’è‡ªå·±å’Œéª—å­çš„èŠå¤©æˆªå›¾ï¼Œç®€ç›´æˆç²¾é™„ä½“å•Šï¼,æ»ä¸€ä¸æ±Ÿ...,https://pic.qiushibaike.com/article/image/BBEHMOCDR4PNSXME,['2'],303
ç§‘æŠ€å‘å±•æœ‰åˆ©æœ‰å¼Šã€‚åˆ©çš„æ˜¯äººä»¬ä¸å†ä¾èµ–äººå·¥å¹å¥å“€ä¹ï¼Œä¸€å°æ‰‹æœºä¸€ä¸ªè“ç‰™éŸ³ç®±è¶³çŸ£ï¼å¼Šçš„æ˜¯æ‰‹æœºä¼šè‡ªå·±è·³æ­Œï¼Œäºæ˜¯è‘¬ç¤¼ä¸Šæ’­æ”¾èµ·äº†é¾šç³å¨œçš„ç¥æ›²â€œå¿å¿‘â€â€¦â€¦,ç‹å…«ä¸è›‹,https://static.qiushibaike.com/images/web/v4/textDefault.png?v=12eaf94cfd4d3ae0423a3925bb5bbf9c,['6'],467
ä»–æ›¾ç»æ˜¯ä¸€ä»£èˆç‹ï¼Œç›´åˆ°åæ¥ä»–è€å©†å‡ºç°ã€‚ã€‚,çªé‡Œæ–—çª...,https://qiubai-video-web.qiushibaike.com/article/gif/UK7O03PXJXQSQFB6.jpg?imageView2/1/w/150/h/112,['4'],604
è½è½ç‰¹åˆ«é»‘ï¼Œè·Ÿæ±Ÿå—æ–°å©šé‚£ä¼šå„¿ç©¿äº†ä¸€åŒé»‘è¢œï¼Œæ±Ÿå—è¶´å¼€è½è½çš„é»‘è¢œä»¥åï¼ŒæƒŠå¥‡åœ°é—®è½è½ï¼šåª³å¦‡ï¼Œä½ å’‹ç©¿äº†ä¸¤åŒè¢œå­å‘¢ï¼Ÿ,è€å·«å©†ï½...,https://static.qiushibaike.com/images/web/v4/textDefault.png?v=12eaf94cfd4d3ae0423a3925bb5bbf9c,['32'],1123
èº«ä½“æ— æ³•æ‰¿å—çµé­‚çš„å‹åŠ›è¢«çµé­‚æ‘§æ¯äº†,Tato...,https://qiubai-video-web.qiushibaike.com/EWNKWDU8CIWVAIK1_hd.jpg?imageView2/1/w/150/h/112,['102'],3632
æˆ‘å¿ƒä¸­çš„å¥³ç¥ã€‚,çœ¼çœ‹æ˜¥å¤©...,https://pic.qiushibaike.com/system/pictures/12118/121182698/small/C8OSBY0XDH0DVNA9.jpg?imageView2/1/w/150/h/112,['2'],252
å¢™éƒ½ä¸æ‰¶å°±æœä½ ï¼,å‚»å¦ä¹Ÿ,https://qiubai-video-web.qiushibaike.com/VQDKL44E4O7Q5BXR_hd.jpg?imageView2/1/w/150/h/112,['18'],847
æˆ‘æ˜¯è°æˆ‘åœ¨å“ªï¼Ÿå®‡å®™æ˜¯å¦æœ‰å°½å¤´?,è°å–äº†æˆ‘...,https://pic.qiushibaike.com/article/image/HU6JQLVHD897ENCN,['4'],236
ï½å»ç”·å‹å®¶æ—¶ç»™ä»–ä¾„å­å¸¦äº†ä¸€å¤§åŒ…é›¶é£Ÿï¼Œé€—ä»–è¯´â€œæˆ‘ç»™ä½ å¸¦è¿™ä¹ˆå¤šå¥½åƒï¼Œç­‰ä½ é•¿å¤§äº†èµšé’±äº†ç»™æˆ‘ä¹°å¥½åƒçš„å—ï¼Œï¼Œâ€å°å®¶ä¼™ä½¿åŠ²çš„ç‚¹å¤´è¯´â€œä¹°ï¼Œæˆ‘ç»™ä½ ä¹°æœ€å¥½åƒçš„è¥¿åŒ—é£ï¼Œï¼Œâ€â€œå•Šï¼Œè¥¿,æœ€æœ€æœ€â€¦...,https://static.qiushibaike.com/images/web/v4/textDefault.png?v=12eaf94cfd4d3ae0423a3925bb5bbf9c,['23'],1586
äº’ç›¸ä¼¤å®³å•Š,çˆ¹çˆ¹ï½ï½,https://pic.qiushibaike.com/article/image/9S3PU1F985BE3HUB,['1'],264
å¿½ç„¶å‘ç°åƒåœ¾ç­’å¯ä»¥æ¥ç‚¹5æ¯›ç‰¹æ•ˆï¼,ä¸œä¸´ï½å¤©...,https://qiubai-video-web.qiushibaike.com/N0HISN4PAA9SP556_hd.jpg?imageView2/1/w/150/h/112,['33'],1895
ç”·å­ä¸€å¹´è¿ç« 15æ¬¡è¢«é€€å©šï¼Œå¥³å‹ï¼šè½¦å“è§äººå“ï¼Œè¿ç« çš„ç”·äººä¸èƒ½å«,ä½™ç”Ÿéƒ½ä¼š...,https://pic.qiushibaike.com/system/pictures/12113/121138709/small/2L7X09EBFL764SNR.jpg?imageView2/1/w/150/h/112,['47'],902
ä¸ä½œå°±ä¸ä¼šæ­»,å°›æƒ¢æƒ¢,https://qiubai-video-web.qiushibaike.com/2YG4VG4J5HSIXF3O_hd.jpg?imageView2/1/w/150/h/112,['5'],310
360è¡Œè¡Œè¡Œå‡ºçŠ¶å…ƒå•Šï¼Œè¿™åŒ…é¦„é¥¨çš„é€Ÿåº¦ä¹Ÿå¤ªå¿«äº†,å‚»å¦ä¹Ÿ,https://qiubai-video-web.qiushibaike.com/article/gif/TCR2HELU0319HUKN.jpg?imageView2/1/w/150/h/112,['5'],505
çˆ¸å¦ˆå› ä¸ºä¸€ä»¶å°äº‹å¤§åµï¼Œæˆ‘åœ¨æ—è¾¹åŠæ¶ã€‚è€å¦ˆæ°”æ€¥äº†æŠŠå¥¹æ‰‹æœºæ‘”äº†ï¼Œæˆ‘çˆ¸å°±ä¸ä¹æ„äº†ï¼Œâ€œä½ åµå½’åµï¼Œæ‘”ä»€ä¹ˆä¸œè¥¿ï¼â€è€å¦ˆé’ˆé”‹ç›¸å¯¹ï¼šâ€œæˆ‘çš„ä¸œè¥¿çˆ±æ€æ ·å°±æ€æ ·ï¼â€å¬å®Œè€çˆ¸éšæ‰‹ç»™æˆ‘ä¸€,å°å§‘å¨˜ã€...,https://static.qiushibaike.com/images/web/v4/textDefault.png?v=12eaf94cfd4d3ae0423a3925bb5bbf9c,['10'],661
æ¥è‡ªå°æœ‹å‹çš„è”‘è§†ï¼Œé‚£è‚¡éª„å‚²çš„çœ¼ç¥æˆ‘æ°¸è¿œä¸ä¼šå¿˜è®°,å‚»å¦ä¹Ÿ,https://qiubai-video-web.qiushibaike.com/article/gif/8SZZA86US56NO3DU.jpg?imageView2/1/w/150/h/112,['78'],7933
æœ‰é“ç†ï¼Œæˆ‘é€‰æ‹©ä¸Šäº¤å·¥èµ„ã€‚,ç ¸å¦³å®¶ç»...,https://pic.qiushibaike.com/system/pictures/12115/121154011/small/0ORZ1FAYGDTN9HEN.jpg?imageView2/1/w/150/h/112,['6'],466
çœ‹ç€æ€»è§‰å¾—ä»€ä¹ˆåœ°æ–¹ä¸å¯¹ï¼Ÿ,èœ€å—ç†Ÿç”·,https://qiubai-video-web.qiushibaike.com/article/gif/GNWFX5MH8K93LEEZ.jpg?imageView2/1/w/150/h/112,['24'],2765
å‡¿å£å·å…‰çš„å°ç”·å­©åæ¥å¹²å•¥å»äº†ï¼Ÿ,ç‚¼ç‹±äººé—´...,https://qiubai-video-web.qiushibaike.com/JORQAKPTG09923JP_hd.jpg?imageView2/1/w/150/h/112,['69'],1693
æ€•ä¸æ€•ï¼Œæˆ‘å‰å®³èµ·æ¥è‡ªå·±éƒ½æ‰“,æœ´å…«å¤œ,https://qiubai-video-web.qiushibaike.com/JXLFJQ22NPSEANUU_hd.jpg?imageView2/1/w/150/h/112,['22'],1286
æœ‰ä¸€å¤©æˆ‘æ‹£åˆ°ä¸€æ”¯ç¬”ï¼Œæ®è¯´æ˜¯é©¬è‰¯ç”¨è¿‡çš„â€¦â€¦,èœ€å—ç†Ÿç”·,https://qiubai-video-web.qiushibaike.com/article/gif/ADGX32O6X2BVET4Q.jpg?imageView2/1/w/150/h/112,['27'],3531
å­©å­çš®ï¼Œå˜´è´±ï¼Œä¼šæ˜¯æ€æ ·çš„ä½“éªŒï¼Ÿä¸€ä¸ªæœ‹å‹ï¼ˆå¥³ï¼‰çš„å„¿å­10å²ï¼Œæ¬¡æ¬¡å€’æ•°ç¬¬ä¸€ï¼Œä¸å†™ä½œä¸šï¼Œçˆ±ç©æ¸¸æˆã€‚ä¸€æ¬¡ï¼Œæœ‹å‹æ•™è®­å„¿å­ï¼Œå„¿å­ä¸€ç›´é¡¶å˜´ï¼Œæœ‹å‹ä¸€æ°”ä¹‹ä¸‹ï¼ŒæŠŠiPadæ‘”åœ¨äº†åœ°ä¸Š,æ”¾é£çš„æŸ”...,https://static.qiushibaike.com/images/web/v4/textDefault.png?v=12eaf94cfd4d3ae0423a3925bb5bbf9c,['11'],971
å¤§å“¥ï¼Œä½ è¿™æ ·å°„äººå®¶æ€ä¹ˆåƒèœï¼Ÿå“¥ä»¬ï¼Œä½ è¿½äº†å¥¹è¿™ä¹ˆä¹…ï¼Œä¸çŸ¥é“ä»–æ˜¯ä¸ªç”·çš„ï¼Ÿ,å‚»å¦ä¹Ÿ,https://qiubai-video-web.qiushibaike.com/article/gif/AYHR1J78QN1W2QK0.jpg?imageView2/1/w/150/h/112,['1'],530
é‚£å¤©å–å¤šäº†ï¼Œå¾—ç½ªäº†æˆ‘çš„å¥½å…„å¼Ÿï¼Œæˆ‘å½“ç€ä¸€æ¡Œç”·ç”·å¥³å¥³ï¼Œç”¨æ‰‹æ¯”åˆ’ä»–çš„é¸¡é¸¡å°ï¼Œä»–æ°”ä¸è¿‡ï¼Œå¤´ä¸€æŠ¡å°±èµ°äº†ã€‚ä»Šå¤©ææ¥è¯è¯´æˆ‘ï¼šä¼¤äººè‡ªå°Šæ­äººçŸ­ï¼Œä¸æ‡‚â€œç½”è°ˆå½¼çŸ­ï¼Œé¡æƒå·²é•¿â€çš„é“ç†â€¦,å¯’å±±å®½æ´ª,https://static.qiushibaike.com/images/web/v4/textDefault.png?v=12eaf94cfd4d3ae0423a3925bb5bbf9c,['12'],612
äº”è±å†æ¬¡æŠ€å‹ç¾¤é›„ï¼Œé»˜é»˜æ»´ä»æ—è¾¹å¼€è¿‡â€¦â€¦,DFä¸œé£...,https://qiubai-video-web.qiushibaike.com/ZMVUQ185DFD6V62U_hd.jpg?imageView2/1/w/150/h/112,['12'],624
å¥½æœ‰é“ç†çš„æ ·å­â€¦â€¦,ç–—ä¼¤è¯,https://pic.qiushibaike.com/article/image/1S4S8V6VVB4DZ80X,['4'],321
æœ€åé‚£ä¸ªå¾ˆçš®ï¼Œè¿˜è·³äº†ä¸¤ä¸‹ã€‚,æ»ä¸€ä¸æ±Ÿ...,https://qiubai-video-web.qiushibaike.com/X6ZW6PLDE10SPJ2Z_hd.jpg?imageView2/1/w/150/h/112,['5'],650
è½¬:â€œç”»é£è½¬çš„ä¹Ÿå¿’å¿«äº†â€ã€‚ã€‚ã€‚,ç‹¬å¤œäºº,https://qiubai-video-web.qiushibaike.com/article/gif/8XW70IYK1ENV43GU.jpg?imageView2/1/w/150/h/112,['4'],412
æˆ‘ä¸€ä¸ªåŒæ ¡çš„å¸ˆå§ï¼Œç°åœ¨å››åå¤šï¼Œå¥¹è€å…¬äºŒåå¤šã€‚æ ¡å‹èšé¤ï¼Œå¸ˆå§ç»™å¥¹å„¿å­çœ‹å¥¹å½“å¹´å¤§å­¦æ¯•ä¸šå…¸ç¤¼çš„ç…§ç‰‡ï¼Œå¥¹å„¿å­é—®ï¼šâ€œçˆ¸çˆ¸å‘¢ï¼Ÿçˆ¸çˆ¸ç«™åœ¨å“ªå‘¢ï¼Ÿâ€å¸ˆå§ï¼šâ€œä½ çˆ¸å‘€ï¼Œé‚£æ—¶ä»–åœ¨å¹¼å„¿å›­,æˆ‘æ˜¯ç…®èŒ¶,https://static.qiushibaike.com/images/web/v4/textDefault.png?v=12eaf94cfd4d3ae0423a3925bb5bbf9c,['36'],3141
å¥³æœ‹å‹ä¸æ˜¯è¦æˆ¿å—ï¼Œè¿™æˆ¿è¿˜æ²¡ç›–å¥½å°±è¿™æ ·äº†ï¼Œæˆ‘è¯¥è‚¿ä¹ˆåŠï¼Ÿ,å‚»å¦ä¹Ÿ,https://qiubai-video-web.qiushibaike.com/article/gif/HN2BPTLD8CQIM0FN.jpg?imageView2/1/w/150/h/112,['17'],1203
è›‡:å®å®ï¼Œç»™ä¸ªé¢å­è¡Œä¸è¡Œå•Šï¼Ÿæˆ‘ä»¬å¯æ˜¯â€œè›‡â€å•Šï¼,DFä¸œé£...,https://qiubai-video-web.qiushibaike.com/VJGDLC5VE9378MVY_hd.jpg?imageView2/1/w/150/h/112,['130'],2856
ä»ç†è®ºä¸Šå’Œå¤–è§‚ä¸Šéƒ½å¾ˆç¬¦åˆè¦æ±‚ï¼Œ200åˆ†ï¼ğŸ˜„ğŸ˜„,å–„ä¹‹è‹¥æ„š,https://pic.qiushibaike.com/system/pictures/12115/121157641/small/KUQKXIPB36YWAPFS.jpg?imageView2/1/w/150/h/112,['1'],288
ä»Šå¤©å¥³å„¿æµ‹è¯•è€ƒäº†100åˆ†ï¼Œèµ°è·¯æ¯”è¾ƒåš£å¼ ï¼,æ¬¢ä¹äºŒå“ˆ,https://qiubai-video-web.qiushibaike.com/ONC22UTF47D8NP4F_hd.jpg?imageView2/1/w/150/h/112,['32'],1275
çˆ¸çˆ¸ï¼Œçˆ¸çˆ¸è¯·å–æ°´ã€‚å›¡å›¡çœŸä¹–ã€‚,âˆæ‹–æ‹–,https://qiubai-video-web.qiushibaike.com/article/gif/TBQH8K98SO57WR83.jpg?imageView2/1/w/150/h/112,['1'],267
å¥³å‹è·Ÿæˆ‘è®²ï¼šæ„Ÿè§‰æ˜¯å—å¤§è„‘å½±å“çš„ï¼Œæ¯”å¦‚ä½ åƒè‹¹æœï¼Œè„‘å­é‡Œæƒ³è±¡åƒçš„æ˜¯æ¢¨ï¼Œå°±èƒ½å¤Ÿåƒå‡ºæ¥æ¢¨çš„å‘³é“ï¼è¯´ç€ï¼Œå¥³å‹æŠŠè„šä¼¸è¿‡æ¥ï¼Œè®©æˆ‘æƒ³è±¡æŒ‰çš„ä¸æ˜¯è„šï¼Œæ˜¯â€˜36Dâ€™â€¦è¿‡ä¼šï¼Œå¥³å‹é—®ï¼šâ€œ,ç‹åœ°ç“œå¤§...,https://static.qiushibaike.com/images/web/v4/textDefault.png?v=12eaf94cfd4d3ae0423a3925bb5bbf9c,['36'],1413
ç»ˆäºçŸ¥é“å…­å‘³åœ°é»„ä¸¸æ˜¯æ€ä¹ˆæ¥çš„äº†,ä½ å¥½ï¼Œæˆ‘...,https://pic.qiushibaike.com/article/image/Y3BD7JTDDGO18UHU,['14'],383
è€æ˜¯ä¸Ÿå†…è¡£ï¼ŒåŸæ¥æ˜¯ä½ å·çš„,èœ€å—ç†Ÿç”·,https://qiubai-video-web.qiushibaike.com/article/gif/NW0CN2TLSEKIURHG.jpg?imageView2/1/w/150/h/112,['1'],284
å²æœˆæ˜¯æŠŠæ€çŒªåˆ€ï¼Œæ€ä¹ˆè¯´ï¼æˆ‘ä¿¡äº†ã€‚,å‘†å‘†å®¶çš„...,https://pic.qiushibaike.com/system/pictures/12118/121184374/small/OL22XAMZW9EDGSK0.jpg?imageView2/1/w/150/h/112,['79'],1109
