list_info_no,list_info_url,list_info_img_url,list_info_title,list_info_fenshu,list_info_cishu,list_info_pinglunshu,['list_info_user']
1,//www.bilibili.com/video/av40672186/,http://i1.hdslb.com/bfs/archive/3ba4c24ab8d4ceaddeee87618dfde08c719801e3.jpg,英文版《改革春风吹满地》！！Chinese people so 牛逼！,5043499,229.1万,1.3万,A路人
2,//www.bilibili.com/video/av41023227/,http://i0.hdslb.com/bfs/archive/527065e8cf39c33b69099dbfcf4e8ba1d0e7cb19.jpg,【老番茄】史上最狠小学生(第二期),2586560,73.3万,8196,老番茄
3,//www.bilibili.com/video/av19390801/,http://i0.hdslb.com/bfs/archive/d52994a1876d07a975dc6683b78a898d9b581208.png,【春晚鬼畜】赵本山：我就是念诗之王！【改革春风吹满地】,2015355,144.5万,1.4万,小可儿
4,//www.bilibili.com/video/av40856794/,http://i1.hdslb.com/bfs/archive/550501bf2f7b7921cce1ff8747bb44a1151e9c44.jpg,BILIBILI POWER UP 2018宣传片,1515772,120.9万,1.7万,哔哩哔哩弹幕网
5,//www.bilibili.com/video/av40605349/,http://i1.hdslb.com/bfs/archive/d5e25017937333ea214f8109738cd2fc521851c5.jpg,【电脑装机】如何用最低预算组装一台全新的能畅玩3A大作的游戏电脑？附游戏测试和抽奖,1445690,25.5万,1.6万,喵喵折App
6,//www.bilibili.com/video/av41025837/,http://i1.hdslb.com/bfs/archive/4609ec330273a690015761155234784e1350f85f.jpg,笑成沙雕！1月新番大吐槽第二弹！在？进来炒股啦！「泛式/新番妙妙屋13」,1335891,34.9万,7787,泛式
7,//www.bilibili.com/video/av40472905/,http://i1.hdslb.com/bfs/archive/bd4893a567d20314c45f4f24d3f43ec13fa81d5a.jpg,日语版《生僻字》好听跪！魔性鬼畜，美少年僧侣在线念经！,1326984,61.3万,2360,O2O男团
8,//www.bilibili.com/video/av40789489/,http://i2.hdslb.com/bfs/archive/6a050201e7c4bc9241c634dcc649a4f71268040b.jpg,【官方回播】BILIBILI MACRO LINK 2018 IN BEIJING,1199627,57.1万,2.7万,哔哩哔哩线下活动
9,//www.bilibili.com/video/av40781088/,http://i1.hdslb.com/bfs/archive/19250c57136225e11f0ab3faed28638bcc4b3e56.jpg,270km入弯！亲身体验日本地下飙车,1100286,61.1万,7092,极速拍档
10,//www.bilibili.com/video/av39573474/,http://i2.hdslb.com/bfs/archive/fd673f2ca715ef7443458e9de6decffac8850432.jpg,【六小龄童】Something Just Like This,1095710,45.4万,2360,柴可夫司徒
11,//www.bilibili.com/video/av40961299/,http://i2.hdslb.com/bfs/archive/cfa39b1ed52ab44dcec380ed2eaf6136f03c88f0.jpg,尝试把100瓶“果粒橙”过滤后，到底能有多少果粒？,987141,166.8万,4948,王咩阿
12,//www.bilibili.com/video/av40970472/,http://i0.hdslb.com/bfs/archive/5d0fcd916a0e01faf6af4d24ebc477c44b770d41.jpg,【嘟督咆哮解说】5分钟咆哮通关《生化危机2：重制版》Demo,975239,31.5万,3371,嘟督不噶油
13,//www.bilibili.com/video/av40942104/,http://i0.hdslb.com/bfs/archive/64531cc4ac1af8985f1dbb711594f0567ae592d2.jpg,诚实吐槽一月新番P2：炒股卖萌哪家强？,960126,33.8万,4347,瓶子君152
14,//www.bilibili.com/video/av40444882/,http://i0.hdslb.com/bfs/archive/92d21b53be97c54b8c770958303a60a81a6d671b.jpg,【全明星】2018鬼畜全星大回顾,908283,44.3万,1087,OELoop
15,//www.bilibili.com/video/av40907702/,http://i2.hdslb.com/bfs/archive/856cba54cb6f3a0b3c16c90672ec4b5ba968c5f4.png,B站邀老番茄专访北极星，两大学霸在线智力碰撞！【bilibili星访问 第31期】,875019,66.1万,6739,bilibili星访问
16,//www.bilibili.com/video/av40812617/,http://i0.hdslb.com/bfs/archive/9a0ff8d25ee544765d7e21fe9cb68effbf08084f.jpg,游戏史上最硬核的游戏 99％的玩家被劝退！,846736,77.6万,2431,神秘店长A
17,//www.bilibili.com/video/av39492241/,http://i2.hdslb.com/bfs/archive/d44f11f46e12eb8e893670415e82ed4db7051341.jpg,【1080/漫威/衔接踩点向】前方高能！让人相当舒服的踩点与衔接！,801532,20.2万,749,轩龙鸽鸽
18,//www.bilibili.com/video/av40780435/,http://i2.hdslb.com/bfs/archive/bbd20d96e0bbed017c085646e4c501d0c59617e5.jpg,冒着被侵犯的风险，试吃了所有的民间X藥，效果......,744663,83.9万,3204,吃喝实验室
19,//www.bilibili.com/video/av40886039/,http://i0.hdslb.com/bfs/archive/89cfe24dc432e6de75a5722705a8bfd4137a8bb4.jpg,【新番吐个爽】三玖为何天下第一？原因竟有史实为证！,734051,34.5万,5647,酒客小丑
20,//www.bilibili.com/video/av40434142/,http://i1.hdslb.com/bfs/archive/96a18a8ab08dd6f8c99677a4a22b56684dfe7d84.jpg,【万恶之源】最近超火的“盘它”梗的出处,731637,78.0万,2823,青山七海゚
21,//www.bilibili.com/video/av39303278/,http://i0.hdslb.com/bfs/archive/d4f46ff6e2328ded2c246063eab0ef03d58defcf.jpg,【230部动画/泪目】像你永远活着那样去追求梦想，也像今天即将死去那样用力活着！,726128,11.9万,3750,戦場ヶ原様
22,//www.bilibili.com/video/av40827768/,http://i1.hdslb.com/bfs/archive/c7f136c77147483d9f67e4fde46717377ad28fbe.png,这位爸爸怕不是要把女儿的男朋友干掉Σ( ￣□￣||)网络上的沙雕图【第88期】,722620,73.0万,6791,珍惜眼前的女孩
23,//www.bilibili.com/video/av41026438/,http://i0.hdslb.com/bfs/archive/e4a7334d997c6c87c57baf0fa5edafbdaed87920.jpg,【敖厂长】美女手机壳竟然暗藏机关,711681,69.1万,4422,敖厂长
24,//www.bilibili.com/video/av40830732/,http://i1.hdslb.com/bfs/archive/faec8d87c9b85b46d1d976b8a864f5776687e714.jpg,为什么年轻人越来越反感“亲戚”这类人？你中枪了吗？,706829,49.1万,2402,维迦君
25,//www.bilibili.com/video/av40765114/,http://i0.hdslb.com/bfs/archive/cd5730b63efaa3e4fbf747fde53fdb9e161975de.jpg,UP被骂“滚出B站...”,700580,76.8万,5228,小苏Q君
26,//www.bilibili.com/video/av39237975/,http://i0.hdslb.com/bfs/archive/620495702453373782f43cd6885c133c9eca87f2.jpg,我不仅开口说话和你吵架，还要把你周围的空气吃干净让你窒息...,699133,34.1万,547,狂风桑
27,//www.bilibili.com/video/av40939475/,http://i0.hdslb.com/bfs/archive/b217d650f788557b297e72e0ac47eac10b7fb473.jpg,【逗鱼时刻】第186期 杰尼自己人！,695190,92.1万,7224,天天卡牌
28,//www.bilibili.com/video/av40838427/,http://i2.hdslb.com/bfs/archive/70b4bdb9206cd25b220204478fe6fe37363c4c79.jpg,新战服登场《蜘蛛侠：英雄远征》官方首支电影中字预告发布！,663302,83.5万,2065,看电影资讯
29,//www.bilibili.com/video/av40887587/,http://i2.hdslb.com/bfs/archive/a18b5e76a8d009812d398275490db9828c4e263a.jpg,【王思妇】生♂僻字,644756,23.4万,2847,王思妇丶
30,//www.bilibili.com/video/av41030671/,http://i1.hdslb.com/bfs/archive/47ccb34dc22b5e0e10640b76c50e034883f1d876.jpg,游戏史上最强的高中生，战力值数15000称霸学校,634578,29.0万,2865,黑镖客梦回
31,//www.bilibili.com/video/av40812426/,http://i2.hdslb.com/bfs/archive/9b2d1eab452686b0aa8076a848ef7d43db11b012.jpg,现在05后都这么漂亮了吗？这让我们95后怎么活？,617533,73.1万,2464,颜值快报
32,//www.bilibili.com/video/av40866176/,http://i1.hdslb.com/bfs/archive/ad10d0901c206e9beea6c3a7076a4a7d6eff8e65.jpg,【该细还得细】FGO国服《冥界的圣诞快乐》圣诞三期攻略,614179,25.3万,6902,削人棍专用BGM
33,//www.bilibili.com/video/av41048529/,http://i1.hdslb.com/bfs/archive/4b80a41e772f26bef29cf012ab7db8947f7e585a.jpg,新番史上最速失贞男主？难怪这部一月番无人敢买！,607737,26.8万,2701,凉风Kaze
34,//www.bilibili.com/video/av40938473/,http://i2.hdslb.com/bfs/archive/d85f14f2cb24b565d4bc4964295a4ce2efcd2b48.jpg,中国网游史，抄袭是游戏行业的“原罪”吗？,594896,29.2万,3791,芒果冰OL
35,//www.bilibili.com/video/av40743065/,http://i0.hdslb.com/bfs/archive/9650fd9fa1691abff43b664c73708279aeebacb0.jpg,猫：我就说怎么这么香，原来是我熟了？！这是我带过最差一届的猫！网络上让人爆笑的沙雕图#34,593343,95.8万,1822,喵不磕盐
36,//www.bilibili.com/video/av40735816/,http://i2.hdslb.com/bfs/archive/557472002a82ddde96db464aef3b7068daf15815.png,事实证明，在性感面前，可爱不堪一击,572395,73.9万,896,局长夫人Lady
37,//www.bilibili.com/video/av40937962/,http://i0.hdslb.com/bfs/archive/d6ddf46cb816a0d504ccadaff7b283b6bdc16aa8.jpg,假面骑士——京骑,571127,23.5万,3899,泽野螳螂
38,//www.bilibili.com/video/av40824110/,http://i1.hdslb.com/bfs/archive/29161bb31175642db312dd4b2f96e698ed60738e.jpg,王老菊的乡村爱情故事01：波茜娅的春天,555981,40.8万,6402,怕上火暴王老菊
39,//www.bilibili.com/video/av40301311/,http://i1.hdslb.com/bfs/archive/4e081315239e447de373f4602fb7a5f9330b48c5.jpg,【李云龙】生僻字,553102,28.1万,1112,采紫葳的凌霄子
40,//www.bilibili.com/video/av40757069/,http://i2.hdslb.com/bfs/archive/b4d6e72b81696640a4c1534afc0cd9fa083fa85f.jpg,【大老师首发单曲】东京不太热,547037,20.1万,1627,蜡烛君瑞泽
41,//www.bilibili.com/video/av40786581/,http://i0.hdslb.com/bfs/archive/9f59ba750ed3929658c5c374d5bbebe13f478f9d.jpg,听了朱广权的《生僻字》，真的觉得其他的人都是辣鸡！,545188,54.3万,668,深深晨
42,//www.bilibili.com/video/av40806180/,http://i1.hdslb.com/bfs/archive/3c0667c181e3d4ec928c917742206c5c21d62b49.jpg,试吃一万多一只世界上最贵的火腿，价格堪比房价，一口就是几百块,543394,72.1万,1755,翔翔大作战
43,//www.bilibili.com/video/av40822506/,http://i1.hdslb.com/bfs/archive/1d1deea1031dd1c4a5c98b7a8a874f6dd1219ce1.jpg,女生能污到什么程度？！啊哈哈哈【不笑挑战22】,543357,68.4万,2305,zy戏精学院院长
44,//www.bilibili.com/video/av40738731/,http://i1.hdslb.com/bfs/archive/3980531fdf597aaec7b2a8f092c6e186c816feff.jpg,这或许就是史上最硬核的父亲了Σ(ﾟдﾟ;) 网上让人笑到窒息的沙雕图【第82期】,535224,70.3万,6395,一户道长
45,//www.bilibili.com/video/av40637100/,http://i2.hdslb.com/bfs/archive/5a6d60292dddef73d1c5a34e1b656795e2686745.jpg,【Asilent】一个玩了差不多两年的MC生存存档长什么样子？,534045,21.0万,2156,ASilent-深秋之寂
46,//www.bilibili.com/video/av40817046/,http://i1.hdslb.com/bfs/archive/b2afaad1c8a5c2e5dcf94f3855a02b6d491ccc85.jpg,海洋生物有多可怕？几个恐怖的瞬间,530847,71.8万,2395,Y2b全球精选
47,//www.bilibili.com/video/av40956414/,http://i1.hdslb.com/bfs/archive/9168c1786bd13cd3c1027215c30e766814ce038c.jpg,新闻放送意外事故集锦，这谁顶得住,530817,30.9万,1617,开开你开门啊
48,//www.bilibili.com/video/av40180906/,http://i1.hdslb.com/bfs/archive/99a7398a2ce0330207c0d3489dc47a279e8d3d69.jpg,[中字] 如何唱出Lemon的精髓 @ガーリィレコード,528486,25.2万,612,神亞亞
49,//www.bilibili.com/video/av40796063/,http://i2.hdslb.com/bfs/archive/489c4b5fbe4681e7c260bf9a6b41b9452b013485.jpg,当考场进来一只猫，整个教室都沸腾了,523462,67.6万,1133,Intro猫呀
50,//www.bilibili.com/video/av39715823/,http://i2.hdslb.com/bfs/archive/58f7dd0ae5058e850d3bcdd7a8f0150cc1861754.jpg,耗时一年用MC建出硬派赛博朋克城市-minecraft史诗工程【未知】-AZTTER,521898,11.3万,2533,MC-AZTTER
51,//www.bilibili.com/video/av40866318/,http://i2.hdslb.com/bfs/archive/56cdbab7175c6755b289616db88a1532ce230e1d.jpg,【孟鹤堂rap】盘他！盘他！！盘他！！！,511993,33.5万,428,树深时见鹿dear
52,//www.bilibili.com/video/av39674794/,http://i0.hdslb.com/bfs/archive/1e5a795d197501abff1481eab96f6e84c7f8e9be.jpg,【核爆神曲】听听 现场版 燃爆全世界的神曲【主唱以及作曲人：泽野弘之 和田光司 山田信夫 花泽香菜 生物股长 仓木麻衣 南条爱乃。。。。】,510301,12.8万,3910,侨妹似青春
53,//www.bilibili.com/video/av40798495/,http://i2.hdslb.com/bfs/archive/2c67b3276ae2a5a059cfffa20ebf4338e4600560.jpg,男子克隆6个老婆，每晚享乐不停，几分钟看完最新科幻片《收割伊丽莎白》,502615,63.5万,739,熊妹撩电影
54,//www.bilibili.com/video/av40835684/,http://i2.hdslb.com/bfs/archive/2f1960422b14ca39e65d29db11e47f5d44d88f83.jpg,理想企业面试很难?只是套路而已丨LKs和十音的就业指导1,497293,15.9万,2398,-LKs-
55,//www.bilibili.com/video/av40876282/,http://i0.hdslb.com/bfs/archive/6a77a8187d1442b280dd09f6b6257eea54a2d7d4.jpg,电影最TOP 119: 2018年度十大引进佳片盘点,494421,42.4万,9777,电影最TOP
56,//www.bilibili.com/video/av40751204/,http://i2.hdslb.com/bfs/archive/eba7c77ebee6cc837eb128611544dc14b0da68f7.jpg,【英雄联盟】来看看6位数人民币制作水准的地表最强KDA COS MV POP STAR~,491972,39.8万,224,漫星闻
57,//www.bilibili.com/video/av40819015/,http://i1.hdslb.com/bfs/archive/4b5754eb7dc795e910f22235be8e721848445e52.jpg,华农兄弟：最近经常下雨，菜叶子很湿，搞点米糠拌饭给兔子吃,482433,69.8万,3234,华农兄弟
58,//www.bilibili.com/video/av41060534/,http://i2.hdslb.com/bfs/archive/41e6bd874e2e96c17175cd6faeabbc3d6073a4bc.jpg,徐老师来巡山200：魔力蛮王 乱斗四杀只需一刀,474335,47.0万,7903,靠脸吃饭的徐大王
59,//www.bilibili.com/video/av39470282/,http://i2.hdslb.com/bfs/archive/d0af608b2f63f1443b04c4ff21dcb8018460d4b6.jpg,【海绵宝宝】打上花火,472039,12.8万,1098,EzWood
60,//www.bilibili.com/video/av40858163/,http://i1.hdslb.com/bfs/archive/5dc172309e377439affec363ac6130e91f03ad85.jpg,隔壁王婶给我介绍的相亲对象，兄弟们帮我打个分吧！,469266,66.0万,749,大胸肌的罗丽
61,//www.bilibili.com/video/av38769543/,http://i1.hdslb.com/bfs/archive/3d0b16b9d91d79800c311a4bd5e96b2934d28daf.jpg,【猫和老鼠】汤姆和杰瑞实力演绎改革春风吹满地    怎么能少了它俩！,467591,18.1万,573,逆天的泽渡哥
62,//www.bilibili.com/video/av40936279/,http://i2.hdslb.com/bfs/archive/945bc23ce8b5032dabf70a3f7230bbea0f003444.jpg,【孟鹤堂rap】不盘他 能圆润吗,464171,23.6万,822,鬼畜↑可乐♂
63,//www.bilibili.com/video/av40879273/,http://i2.hdslb.com/bfs/archive/1a66b51e93ebe59d011b520b1a4432285c424e46.jpg,游戏史上最沙雕的游戏，智商10000都不一定通关！,456470,18.2万,2233,靖菌命
64,//www.bilibili.com/video/av40888202/,http://i2.hdslb.com/bfs/archive/a9ebb0bc161755e2edf94551ee7171b841e21c40.jpg,她是蜘蛛侠的挚爱，她的离去改变了英雄的一生,456114,39.4万,2308,努力的Lorre
65,//www.bilibili.com/video/av40802315/,http://i0.hdslb.com/bfs/archive/5075316ad2e6a404d1144e578b03b9ee0171334f.jpg,印度国产“高铁”真稳定，轻易立起矿泉水，三哥举起大拇指。。。,455344,61.4万,1541,救世主莫笛
66,//www.bilibili.com/video/av40914954/,http://i0.hdslb.com/bfs/archive/b41508eac9649c02ed18cf6c3b95460dbac7f1d2.jpg,【白蛇缘起】木鱼三分钟影评——每一个真正的进步，都值得赞许,454079,29.1万,2397,木鱼水心
67,//www.bilibili.com/video/av40741991/,http://i2.hdslb.com/bfs/archive/4b6cd27b28646bd5a14a451b6ce773aaf2915cff.jpg,网管：她们这么玩，我们是不是亏了！,451246,52.9万,956,阿桔才不是受
68,//www.bilibili.com/video/av40834194/,http://i2.hdslb.com/bfs/archive/51569302bb3c42c68deb1b15bd3780f0697483a8.png,【前方高能】怎么让绿谷唱好lemon（物理上）,451228,29.8万,576,-SHL-
69,//www.bilibili.com/video/av40853957/,http://i2.hdslb.com/bfs/archive/201f48780bf5c2d06d55f5c010e14fcaa2be1dd7.jpg,美国人在家怎么做芝士？加魔鬼辣椒会怎样！,449280,44.5万,2383,我是郭杰瑞
70,//www.bilibili.com/video/av40245714/,http://i2.hdslb.com/bfs/archive/caf344174bc70948ca728e41338e8a8fbffd6da3.jpg,北大招生题：a+b+c=1，a²+b²+c²=2，a³+b³+c³=3，难度相当大,446955,46.1万,1044,三乐大掌柜
71,//www.bilibili.com/video/av40756232/,http://i1.hdslb.com/bfs/archive/87d2f46ce402eefc4206ede22cef5ea409f3e774.jpg,《白蛇.缘起》官方宣发请给力点，高口碑低票房不是你的出路,445272,38.2万,1685,漫妮国漫
72,//www.bilibili.com/video/av40681383/,http://i0.hdslb.com/bfs/archive/78f558f90827c594023e4a475ecbb6db4369e9e6.jpg,【笑死人不偿命】屌丝男士：我信你个鬼，你个糟老头子坏得很，算得真TM准！,433895,51.9万,679,莲FA书生
73,//www.bilibili.com/video/av40016490/,http://i0.hdslb.com/bfs/archive/a6a828235e0106316c13dfae580019d42d08e6c7.jpg,非牛顿流体防摔保护壳有多牛？这才是黑科技！,433444,52.0万,1845,科技小助手
74,//www.bilibili.com/video/av41012145/,http://i0.hdslb.com/bfs/archive/2647e3bed0c47925dcea81279e6f029ff8c89e0b.jpg,【逆袭向】从被劝退的太妹到考上211学校| 校园霸凌| 讨好型人格 |杀不死我的 使我更强大（上）,431216,13.4万,5852,宝剑嫂
75,//www.bilibili.com/video/av40750909/,http://i1.hdslb.com/bfs/archive/4e4f3ab896f635886e1692feaebd6f88f9be6f6a.jpg,男子17岁读四年级堪称学霸，好吃懒做打爹骂娘，住惯强抢哥哥的房,430869,50.9万,2479,早乙女奈奈
76,//www.bilibili.com/video/av40924986/,http://i0.hdslb.com/bfs/archive/948c697430eb481989b83bdb4ca447d7b8028d1f.jpg,两个女生轮流亲这谁顶得住啊 男生出门在外真是太危险了,428507,53.1万,472,改个名字转转运
77,//www.bilibili.com/video/av39085912/,http://i1.hdslb.com/bfs/archive/860cf1c42b45ee89f6734beccbef59a871c9556f.jpg,“抖音”给“快手”打电话！  神奇室友第三期！,422202,21.6万,453,君寻玩剪辑
78,//www.bilibili.com/video/av40924966/,http://i2.hdslb.com/bfs/archive/717fbd87d52a507802473c52c383ff3a102ee8d6.jpg,【散人】最惨皇帝后宫记之谁是太子,421577,14.7万,6687,逍遥散人
79,//www.bilibili.com/video/av40975778/,http://i2.hdslb.com/bfs/archive/d282355d4a7547f9ffed121565df2bf70e281f7a.jpg,【主播真会玩】154：大司马回首掏现场教学，Doinb抽奖秒变单身,417961,47.3万,3394,起小点是大腿
80,//www.bilibili.com/video/av40809973/,http://i0.hdslb.com/bfs/archive/d8365afeeedd47d273d17aa0f36795404ca4a135.jpg,最强走A：鬼畜摇头，极限抖动！建议0.5倍速观赏走A盛宴,416998,59.8万,1409,六神超
81,//www.bilibili.com/video/av39587934/,http://i1.hdslb.com/bfs/archive/9f929e2d6aec065061d6c2501c32175ecaf76a8d.jpg,【仙剑奇侠传三】此生不换‖十周年纪念,413998,11.8万,2057,喜欢脚鸡还是小茜
82,//www.bilibili.com/video/av40684593/,http://i2.hdslb.com/bfs/archive/5b405ee3d2d0ae74606b09c06ea66a26275b191b.jpg,六首火遍全球的口哨神曲！！最后一首是真正的王者,413271,32.0万,1298,俊孩玄晔
83,//www.bilibili.com/video/av39489453/,http://i0.hdslb.com/bfs/archive/2fae1e47da55a18948f671daab68968d13bcaade.jpg,【全明星】小猪挂奇,411476,17.6万,633,我不能悲伤的坐在你身旁-
84,//www.bilibili.com/video/av39863661/,http://i2.hdslb.com/bfs/archive/ac9ae8acad1cf8eddfab79bc5d9cd402d1b18634.jpg,“我信你个鬼，你这个糟老头子坏的很”原版出处。漫长的20分钟。会让你感觉到人生到达了巅峰哟,410724,36.1万,1480,枣庄张艺兴
85,//www.bilibili.com/video/av40750096/,http://i1.hdslb.com/bfs/archive/ffcbf1d0c61c8115576e66bc36617ab7faf40ba6.jpg,《白蛇：缘起》如果都赔了，谁还愿意做国产动画？只有子供向、卖情怀才有出路吗？【国动万象】,408318,24.9万,2537,齐天大肾余潇洒
86,//www.bilibili.com/video/av39425207/,http://i0.hdslb.com/bfs/archive/b21d56b0aa956f571a2c07a48f831c1558594b3a.jpg,她哭的那个瞬间 全世界都输了,405954,12.8万,649,鬼才才才
87,//www.bilibili.com/video/av40744851/,http://i0.hdslb.com/bfs/archive/1e5329903c728fa60c879fe7582914e7b0543260.jpg,最作死的行为，外国小哥待在果冻凝胶里，把自己变成人肉果冻,405649,57.5万,254,SoFun搜趣坊
88,//www.bilibili.com/video/av40792101/,http://i1.hdslb.com/bfs/archive/dafea1ceeb42ba31b6799c185340204266327acb.jpg,大大大眼睛，肿眼泡福音【郑犹豫】,393609,14.1万,705,郑犹豫
89,//www.bilibili.com/video/av40737815/,http://i1.hdslb.com/bfs/archive/97effefd31ef4d34c65b76cf3f5ca77783ceb5f6.png,抢劫犯在法庭现场说唱吴亦凡《大碗宽面》被胶带封嘴,384091,45.9万,1512,桃璎Miku
90,//www.bilibili.com/video/av40897818/,http://i0.hdslb.com/bfs/archive/2ec7544b1fad5f7de268dc5cbb550574b202b3a8.jpg,[LPL春季赛]1月16日 IG vs OMG,382948,44.1万,1.2万,哔哩哔哩英雄联盟赛事
91,//www.bilibili.com/video/av40423488/,http://i1.hdslb.com/bfs/archive/b2f6b3a5413cab0b4e0836b83a19ba7b4ee87bf6.jpg,【日语填词】赵本山：我就是念诗之王！【改革春风吹满地（日语填词版）】,380938,19.9万,578,亦辰Yeechen
92,//www.bilibili.com/video/av40717906/,http://i1.hdslb.com/bfs/archive/e88d169dd400e352a82799fe5501b29f88509427.jpg,你绝对没有看过的《RISE》！神还原！,380577,17.4万,391,电竞高能研究社
93,//www.bilibili.com/video/av40719400/,http://i1.hdslb.com/bfs/archive/fc22fdde1c7b4af562c0869f1bdab96532abda54.png,【神还原】LOL低配版超搞笑MV《rise》  一人分饰多角,378398,16.8万,621,pipi诺
94,//www.bilibili.com/video/av40769686/,http://i2.hdslb.com/bfs/archive/0ab30173faee006a03967fd475d9a12d04503b48.jpg,所有获取经验的方式 让你的等级全速提升,378373,19.6万,1578,休比・多拉
95,//www.bilibili.com/video/av40806584/,http://i2.hdslb.com/bfs/archive/6d16dd2182e98880ff83c99a9bdb31d9f8c92d89.jpg,做一份外卖烤全鸡！一只鸡成本不到七块钱！味道一模一样！,377937,44.4万,1366,敬汉卿
96,//www.bilibili.com/video/av40236601/,http://i2.hdslb.com/bfs/archive/5d6f4faf755bca9ae6b6e9c9f1307c8e70cd60ca.jpg,「字幕」美国大叔猜测自己儿子是基，找靓女撩一下测试结果很满意,377698,41.6万,274,虾哥搬石油
97,//www.bilibili.com/video/av39381375/,http://i2.hdslb.com/bfs/archive/9404727955ce858abafdeb6e7afa4a1159928158.jpg,国防部想把我笑死！！！,375604,39.3万,423,广东共青团
98,//www.bilibili.com/video/av40825702/,http://i1.hdslb.com/bfs/archive/933a528ee640e0724dac52f4c18e76f14a99dbda.jpg,时隔四年，拳头终于回调亚索刀光 - 9.2亚索特效更新,373887,40.5万,631,葡萄的叮当猫
99,//www.bilibili.com/video/av35953030/,http://i1.hdslb.com/bfs/archive/6dcb7662f83900e5a41d3a3ed34ed55f35db6a18.jpg,【今日说法】盘点历年《今日说法》里的奇案/惨案！（高清）,373133,17.8万,1.5万,_是菜菜啊
100,//www.bilibili.com/video/av41014425/,http://i2.hdslb.com/bfs/archive/db3fcde8cc74ddfb228ce70d4ba420da37e26d14.jpg,【花少北】无聊到爆笑的有毒游戏,372425,15.5万,2566,花少北丶
